id,repository,record_id,number,title,state,creator,assignees,labels,milestone,locked,created_at,updated_at,closed_at,body,comments,timeline_events,merged_at,commits,is_pull_request,author_association,reactions,tipo,time_mined
1,[ORG]/[REPO],2409854590,4,Corre√ß√£o do timestamp do GitHub e melhoria na autentica√ß√£o,open,[USER],[],[],,False,2025-03-21 15:37:20+00,2025-03-21 15:37:20+00,,"Este PR corrige o formato do timestamp extra√≠do do GitHub, garantindo que seja convertido corretamente para datetime. Al√©m disso, remove a necessidade de enviar e-mail e token diretamente na requisi√ß√£o, melhorando a seguran√ßa e a experi√™ncia do usu√°rio.

Altera√ß√µes principais:
‚úÖ Ajustado o formato do timestamp para evitar inconsist√™ncias de data.
‚úÖ Removida a obrigatoriedade de enviar e-mail e token na requisi√ß√£o.
‚úÖ Atualizada a migration 0001_initial.py para refletir as mudan√ßas na estrutura do banco de dados.

Impacto esperado:
üîπ Melhor precis√£o no armazenamento das datas.
üîπ Maior seguran√ßa ao remover a necessidade de envio manual de credenciais.
üîπ C√≥digo mais limpo e eficiente para a autentica√ß√£o.

Testes realizados:
‚úÖ Verificado que os timestamps agora s√£o armazenados corretamente no banco de dados.
‚úÖ Testado fluxo de autentica√ß√£o sem necessidade de e-mail e token expl√≠citos.",[],[],,[],True,,{},pull_request,2025-03-24 14:00:38.917773+00
2,[ORG]/[REPO],2938799373,5,Reposit√≥rios privados n√£o podem ser minerados devido √† limita√ß√£o do PyDriller,open,[USER],[],[],,False,2025-03-21 15:45:32+00,2025-03-21 15:45:32+00,,"Atualmente, a API utiliza o PyDriller para extrair dados de commits dos reposit√≥rios GitHub. No entanto, o PyDriller precisa clonar o reposit√≥rio localmente para realizar a minera√ß√£o e n√£o suporta autentica√ß√£o via token para acessar reposit√≥rios privados.

Isso significa que apenas reposit√≥rios p√∫blicos podem ser minerados, pois, para os privados, a tentativa de clonagem resulta em erro de permiss√£o.

Passos para reproduzir:

Fazer uma requisi√ß√£o POST para minerar commits de um reposit√≥rio privado:

{
    ""repo_name"": ""[USER]/meu-repositorio-privado"",
    ""start_date"": ""2023-01-01T00:00:00Z"",
    ""end_date"": ""2023-12-31T00:00:00Z""
}

A API retorna um erro informando que o reposit√≥rio n√£o pode ser acessado.
O problema ocorre porque o PyDriller n√£o consegue autenticar o clone do reposit√≥rio.

Comportamento esperado:

- Atualmente, a √∫nica solu√ß√£o √© utilizar apenas reposit√≥rios p√∫blicos para a minera√ß√£o de commits.
- No futuro, pode ser interessante implementar uma solu√ß√£o alternativa que permita autentica√ß√£o para reposit√≥rios privados.

Poss√≠veis solu√ß√µes:

- ‚úÖ Explorar alternativas que permitam autentica√ß√£o ao clonar reposit√≥rios privados com PyDriller.
- ‚úÖ Atualizar a documenta√ß√£o para informar que apenas reposit√≥rios p√∫blicos podem ser minerados.

Impacto:
üîπ Usu√°rios tentando minerar commits de reposit√≥rios privados encontrar√£o erros inesperados.
üîπ Pode limitar a utilidade da API para equipes que trabalham com c√≥digo privado.",[],[],,[],False,MEMBER,"{""+1"": 0, ""-1"": 0, ""url"": ""[URL] ""eyes"": 0, ""heart"": 0, ""laugh"": 0, ""hooray"": 0, ""rocket"": 0, ""confused"": 0, ""total_count"": 0}",issue,2025-03-24 14:04:10.682501+00
3,[ORG]/[REPO],2938763741,3,Corrigir restri√ß√£o de dom√≠nio na minera√ß√£o de issues do Jira,open,[USER],[],[],,False,2025-03-21 15:32:01+00,2025-03-21 15:32:01+00,,"Atualmente, ao tentar minerar issues do Jira, o campo jira_domain no corpo da requisi√ß√£o parece estar restrito apenas ao dom√≠nio [ORG].atlassian.net. Qualquer outro dom√≠nio resulta em erro ou falha na coleta.

Isso impede a minera√ß√£o de projetos Jira hospedados em outras inst√¢ncias, limitando a usabilidade da API.

Passos para reproduzir:

Fazer uma requisi√ß√£o POST para minerar issues:

{
    ""jira_domain"": ""[USER].atlassian.net"",
    ""project_key"": ""PROJ"",
    ""jira_email"": ""[EMAIL]"",
    ""jira_api_token"": ""meu_token"",
    ""issuetypes"": [""Bug"", ""Task""],
    ""start_date"": ""2023-01-01"",
    ""end_date"": ""2023-12-31""
}

A API retorna um erro:  Task jobs.tasks.collect_jira_issues_task[224410a8-fbf7-4c2f-af5b-56bd6c74b500] succeeded in 1.0622514170008799s: {'operation': 'collect_jira_issues', 'repository': '[ORG].atlassian.net', 'data': {'error': 'Failed to collect issues: 400 - {""errorMessages"":[""The value 'CSTONE' does not exist for the field 'project'.""],""warningMessages"":[]}'}}

A API deve permitir minerar issues de qualquer dom√≠nio v√°lido do Jira Cloud, desde que o usu√°rio tenha as credenciais corretas.

Tarefas:

- Verificar se h√° valida√ß√£o for√ßando [ORG].atlassian.net como √∫nico dom√≠nio aceito.
- Modificar a API para aceitar qualquer dom√≠nio *.atlassian.net.
- Testar a coleta de issues em diferentes dom√≠nios Jira.
- Atualizar a documenta√ß√£o caso seja necess√°rio incluir alguma configura√ß√£o adicional.
",[],[],,[],False,MEMBER,"{""+1"": 0, ""-1"": 0, ""url"": ""[URL] ""eyes"": 0, ""heart"": 0, ""laugh"": 0, ""hooray"": 0, ""rocket"": 0, ""confused"": 0, ""total_count"": 0}",issue,2025-03-24 14:04:11.055904+00
4,[ORG]/[REPO],2938748495,2,Suporte a autentica√ß√£o OAuth para o GitHub,open,[USER],[],[],,False,2025-03-21 15:26:53+00,2025-03-21 15:26:53+00,,"Descri√ß√£o:

Atualmente, a API utiliza tokens cl√°ssicos do GitHub para autentica√ß√£o. Como esses tokens est√£o sendo descontinuados, seria interessante implementar suporte a OAuth 2.0 como alternativa.

Tarefas:

Criar um fluxo de autentica√ß√£o OAuth com o GitHub.
Adicionar um endpoint para autoriza√ß√£o via OAuth.
Implementar troca de c√≥digo por token.
Atualizar a documenta√ß√£o com instru√ß√µes de uso.",[],[],,[],False,MEMBER,"{""+1"": 0, ""-1"": 0, ""url"": ""[URL] ""eyes"": 0, ""heart"": 0, ""laugh"": 0, ""hooray"": 0, ""rocket"": 0, ""confused"": 0, ""total_count"": 0}",issue,2025-03-24 14:04:11.4365+00
